{
	"template": "LAYOUT_MPD_XL",
	"epd_type": "HS_EL_346676",
	"block_num": 1,
	"overlap_rule":"order_wise",
	"direction" : 0,
	"encoding": "UTF-8",
	"screen_block": [

#set($count = 0)
#foreach($p in $param)
	#if($p.sku)
		#set($count = $count+1)
	#end
#end
	
#if($count==0 || $count==1)

## !!--!! Begin shopweb mapping !!--!!

	#set($liblong = $util.escapeJson(${itemName}))
	#set($price = ${price1})
	#set($codeproduit = ${ean})
	#set($lien = ${qrCode})
	#set($unitprice = ${price2})
	#set($unitmesure = ${unit})
	#set($command = ${supplierName})
	#set($strate = ${supplierCode})
	#set($alle = ${price6Description})
	#set($gondole = ${supervisedBy})
	#set($emplacement = ${supervisionHotline})
	#set($ean = ${sku})
	#set($flagpromo = ${promoFlag})
	#set($flagstat = ${itemStatus})
	#set($vidange = ${displayLocation})
	#set($strickprice = ${price3})

#if($rsrvTxt5 != "" && $rsrvTxt5 != " " && $rsrvTxt5)       
	#set($promo = $str2json.parseJson($rsrvTxt5)) 
	#set($promoa = ${promo.condition_nb_produits_achetes})
        #set($promob = ${promo.pct_produits_gratuits})
	#set($promobrd = $promob.split('\.')[0])
        #set($promoc = ${promo.remise_immediate})
        #set($promod = ${promo.nb_produit_gratuit})
#else
	#set($promoa = 0)
#end

## !!--!! End shopweb mapping !!--!!
	


## !!--!! Begin fonction !!--!!

	#if(${unitmesure} == 1)
		#set($mesure = "Kilo")
 	#elseif(${unitmesure} == 2)
		#set($mesure = "Litre")
	#elseif(${unitmesure} == 3)
		#set($mesure = "Pièce")
	#else
		#set($mesure = "Pièce")
 	#end

	#set($PERCENT=1-$util.toFloat(${price})/$util.toFloat(${strickprice}))
	#set($vvPERCENT=$util.escapeJson(${PERCENT}*100))
	#set($vPERCENT=$vvPERCENT.split('\.')[0])	


	
## !!--!! End fonctiom !!--!!

## !!--!! If we get A and B !!--!!

#if($promoa>0)
	
## !!--!! Begin promo mapping !!--!!
#if(($promob && $promob>0) && (!$promoc || $promoc=="0") && (!$promod || $promod=="0"))
	#set($barprixb=${price}*${promoa})
	#set($proprixb=($barprixb*100-$promob*$barprixb)/100)
	#set($proprixunitb=($unitprice*100-$promob*$unitprice)/100)
#elseif((!$promob || $promob=="0") && ($promoc && $promoc>0) && (!$promod || $promod=="0"))
	#set($barprixc=${price}*${promoa})
	#set($proprixc=$barprixc-$promoc)
	#set($proprixunitc=$proprixc/$barprixc*$unitprice)
#elseif((!$promob || $promob=="0") && (!$promoc || $promoc=="0") && ($promod && $promod>0))
	#set($barprixd=${price}*$promoa+$price*$promod)
	#set($proprixd=${price}*$promoa)
	#set($procountad=$promoa*1+$promod*1)
	#set($proprixunitd=$promoa*$unitprice/$procountad)
#end
## !!--!! End promo mapping !!--!!
	
{
"start_x": 2,
"start_y": 0,
"end_x": 292,
"end_y": 37,
"font_type": "Arial Narrow 12",
	"content_type": "CONTENT_TYPE_TEXT",
	"content_title": "NONE",
	"content_value": "${liblong.trim()}",
	"line_spacing": -3,
	"auto_narrow_width":"true",
	"auto_wrap":"false",
	"content_color": "BLACK",
	"content_alignment": "LEFT",
	"content_vertical_alignment": "CENTER",
	"content_reverse": "FALSE"	
},
{
"start_y": 37,
"end_y": 99,
#if($price>999.99)
"start_x": 5,
"end_x": 112,
"font_type": "Arial Bold 15",
#elseif($price>99.99)
"start_x": 5,
"end_x": 112,
"font_type": "Arial Bold 16",
#elseif($price>9.99)
"start_x": 17,
"end_x": 108,
"font_type": "Arial Bold 18",
#else
"start_x": 5,
"end_x": 112,
"font_type": "Arial Bold 22",
#end
	"decimal_separator": ".",
	"content_type": "CONTENT_TYPE_CURRENCY",
	"content_title": "NONE",
	"content_value": "$util.toFloat(${price})",
	"suffix_symbol":"€",
	"content_color": "BLACK",
	"content_alignment": "CENTER",
	"content_vertical_alignment":"CENTER",
	"number_script": "SUB",
	"content_reverse": "FALSE"
},
{
"start_x": 29,
"start_y": 74,
"end_y": 112,
"end_x": 118,
"font_type": "Arial 9",
	"decimal_separator": ".",
	"content_type": "CONTENT_TYPE_CURRENCY",
	"content_title": "NONE",
	"content_value": "$util.toFloat(${unitprice})",
	"suffix_symbol":" € / ${mesure}",
	"content_color": "BLACK",
	"auto_narrow_width":"true",
	"auto_wrap":"false",
	"content_alignment": "LEFT",
	"content_vertical_alignment":"CENTER",
	"number_script": "SUB",
	"content_reverse": "FALSE"
},
{
"start_x": 1,
"start_y": 115,
"end_x": 119,
"end_y": 133,
        "content_type": "CONTENT_TYPE_BARCODE",
        "font_type":"BARCODE_128",
        "content_title": "NONE",
        "content_value": "${codeproduit}",
        "content_color": "BLACK",
        "content_alignment": "CENTER",
        "content_reverse": "FALSE",
        "background_transparent":"true"
},
{
"start_x": 18,
"start_y": 137,
"end_x": 106,
"end_y": 149,
"font_type": "Arial Narrow 10",
        "content_type": "CONTENT_TYPE_TEXT",
        "content_title": "NONE",
        "content_value": "${codeproduit}",
        "content_color": "BLACK",
        "content_alignment": "CENTER",
        "background_transparent":"TRUE",
        "content_reverse": "FALSE"
},
{

"end_x": 119,
"end_y": 130,
"start_x": 1189,
"start_y": 34,
"font_type": "Arial Narrow 4",
        "content_type": "CONTENT_TYPE_TEXT",
        "content_title": "NONE",
        "content_value": "",
        "content_color": "RED",
        "content_alignment": "LEFT",
        "content_reverse": "TRUE"
},
{
"start_x": 137,
"start_y": 34,
"end_x": 196,
"end_y": 52,
"font_type": "Arial Narrow 4",
        "content_type": "CONTENT_TYPE_TEXT",
        "content_title": "NONE",
        "content_value": "",
        "content_color": "RED",
        "content_alignment": "LEFT",
        "content_reverse": "TRUE"
},
{
"start_x": 143,
"start_y": 36,
"end_x": 196,
"end_y": 56,
"font_type": "Arial Bold 10",
	"content_type": "CONTENT_TYPE_TEXT",
	"content_title": "NONE",
	"content_value": "PROMO",
	"line_spacing": -3,
	"content_color": "WHITE",
	"content_background_color": "BLACK",
	"content_alignment": "LEFT",
	"content_vertical_alignment": "TOP",
	"content_reverse": "FALSE",
	"background_transparent":"true"
},
#if($promoa>1)
{
"start_x": 125,
"start_y": 53,
"end_x": 220,
"end_y": 73,
"font_type": "Arial Bold 12",
	"content_type": "CONTENT_TYPE_TEXT",
	"content_title": "NONE",
#if((!$promob || $promob=="0") && (!$promoc || $promoc=="0") && ($promod && $promod>0))
	"content_value": "",
#else
	"content_value": "A partir de $promoa",
#end
	"content_color": "RED",
	"auto_narrow_width":"true",
	"auto_wrap":"false",
	"content_background_color": "BLACK",
	"content_alignment": "LEFT",
	"content_vertical_alignment": "TOP",
	"content_reverse": "FALSE",
	"background_transparent":"true"
},
#end
{
"start_y": 28,
"end_x": 290,
"end_y": 87,
"font_type": "Arial 9",
	"content_title": "NONE",
#if((!$promob || $promob=="0") && (!$promoc || $promoc=="0") && ($promod && $promod>0))
"start_x": 201,
#else
"start_x": 224,
#end
	"content_type": "CONTENT_TYPE_BMP_FILE",
	"content_value": "circle.png",
	"content_color": "BLACK",
	"content_alignment": "RIGHT",
	"auto_scale":true,
	"content_reverse": "FALSE",
	"background_transparent":"true"
},
{
"end_x": 287,
"end_y": 87,
	"content_type": "CONTENT_TYPE_TEXT",
	"content_title": "NONE",
#if(($promob && $promob>0) && (!$promoc || $promoc=="0") && (!$promod || $promod=="0"))
	"content_value": "-${promobrd}%",
"start_y": 42,
"start_x": 229,
"font_type": "Arial Bold 17",
	"content_alignment": "LEFT",
	"auto_narrow_width":"true",
	"auto_wrap":"false",
#elseif((!$promob || $promob=="0") && ($promoc && $promoc>0) && (!$promod || $promod=="0"))
	"content_value": "-${promoc}€",
"start_y": 42,
"start_x": 229,
"font_type": "Arial Bold 17",
	"content_alignment": "LEFT",
	"auto_narrow_width":"true",
	"auto_wrap":"false",
#elseif((!$promob || $promob=="0") && (!$promoc || $promoc=="0") && ($promod && $promod>0))
	"content_value": "${promoa}+${promod} Gratuit",
	"line_spacing": -4,
"start_x": 203,
"start_y": 37,
"font_type": "Arial Bold 14",
	"content_alignment": "CENTER",
#else
	"content_value": "ERROR",
"start_x": 230,
"start_y": 42,
"font_type": "Arial Bold 10",
	"content_alignment": "CENTER",
#end
	"content_color": "WHITE",
	"content_background_color": "BLACK",
	"content_vertical_alignment": "TOP",
	"content_reverse": "FALSE",
	"background_transparent":"true"
},
{
"start_x": 144,
"start_y": 74,
"end_x": 201,
"end_y": 99,
"font_type": "Arial 12",
	"content_type": "CONTENT_TYPE_TEXT",
	"content_title": "NONE",
#if(($promob && $promob>0) && (!$promoc || $promoc=="0") && (!$promod || $promod=="0"))
	"content_value": "${barprixb}",
#elseif((!$promob || $promob=="0") && ($promoc && $promoc>0) && (!$promod || $promod=="0"))
	"content_value": "${barprixc}",
#elseif((!$promob || $promob=="0") && (!$promoc || $promoc=="0") && ($promod && $promod>0))
	"content_value": "${barprixd}",
#else
	"content_value": "$price",
#end
	"auto_narrow_width":"true",
	"auto_wrap":"false",
	"content_color": "BLACK",
	"content_background_color": "WHITE",
	"content_alignment": "LEFT",
	"content_vertical_alignment": "TOP",
	"content_reverse": "FALSE",
	"background_transparent":"true"
},
{
"start_x": 144,
"start_y": 74,
"end_x": 201,
"end_y": 87,
"font_type": "Arial Bold 12",
	"content_type": "CONTENT_TYPE_TEXT",
	"content_title": "NONE",
	"content_value": "———",
	"content_color": "BLACK",
	"content_background_color": "WHITE",
	"content_alignment": "LEFT",
	"content_vertical_alignment": "TOP",
	"content_reverse": "FALSE",
	"background_transparent":"true"
},
{
"start_x": 124,
"start_y": 93,
"end_x": 207,
"end_y": 137,
	"decimal_separator": ".",
	"content_type": "CONTENT_TYPE_CURRENCY",
	"content_title": "NONE",
#if(($promob && $promob>0) && (!$promoc || $promoc=="0") && (!$promod || $promod=="0"))
	"content_value": "${proprixb}",
#if($proprixb>999.99)
"font_type": "Arial Bold 13",
#elseif($proprixb>99.99)
"font_type": "Arial Bold 15",
#elseif($proprixb>9.99)
"font_type": "Arial Bold 19",
#else
"font_type": "Arial Bold 23",
#end
#elseif((!$promob || $promob=="0") && ($promoc && $promoc>0) && (!$promod || $promod=="0"))
	"content_value": "${proprixc}",
#if($proprixc>999.99)
"font_type": "Arial Bold 13",
#elseif($proprixc>99.99)
"font_type": "Arial Bold 15",
#elseif($proprixc>9.99)
"font_type": "Arial Bold 19",
#else
"font_type": "Arial Bold 23",
#end
#elseif((!$promob || $promob=="0") && (!$promoc || $promoc=="0") && ($promod && $promod>0))
	"content_value": "${proprixd}",
#if($proprixd>999.99)
"font_type": "Arial Bold 13",
#elseif($proprixd>99.99)
"font_type": "Arial Bold 15",
#elseif($proprixd>9.99)
"font_type": "Arial Bold 19",
#else
"font_type": "Arial Bold 23",
#end
#else
	"content_value": "${price}",
#if($price>999.99)
"font_type": "Arial Bold 13",
#elseif($price>99.99)
"font_type": "Arial Bold 15",
#elseif($price>9.99)
"font_type": "Arial Bold 19",
#else
"font_type": "Arial Bold 23",
#end
#end
	"content_color": "RED",
	"content_alignment": "LEFT",
	"content_vertical_alignment":"TOP",
	"number_script": "SUB",
	"content_reverse": "FALSE"
},
{
"start_x": 202,
"start_y": 84,
"end_x": 224,
"end_y": 147,
"font_type": "Arial Bold 14",
	"decimal_separator": ".",
	"content_type": "CONTENT_TYPE_TEXT",
	"content_title": "NONE",
	"content_value": "€",
	"content_color": "RED",
	"content_alignment": "TOP",
	"content_vertical_alignment":"TOP",
	"number_script": "SUB",
	"content_reverse": "FALSE",
	"background_transparent":"TRUE"
},
#if($promoa>1)
{
"start_x": 219,
"start_y": 100,
"end_x": 284,
"end_y": 147,
"font_type": "Arial Bold 12",
	"decimal_separator": ".",
	"content_type": "CONTENT_TYPE_TEXT",
	"content_title": "NONE",
#if((!$promob || $promob=="0") && (!$promoc || $promoc=="0") && ($promod && $promod>0))
	"content_value": "Pour $procountad",
#else
	"content_value": "Pour $promoa",
#end
	"content_color": "RED",
	"auto_narrow_width":"true",
	"auto_wrap":"false",
	"content_alignment": "LEFT",
	"content_vertical_alignment":"TOP",
	"number_script": "SUB",
	"content_reverse": "FALSE"
},
#end
{
"start_x": 189,
"start_y": 119,
"end_x": 294,
"end_y": 147,
"font_type": "Arial 9",
	"decimal_separator": ".",
	"content_type": "CONTENT_TYPE_CURRENCY",
	"content_title": "NONE",
#if(($promob && $promob>0) && (!$promoc || $promoc=="0") && (!$promod || $promod=="0"))
	"content_value": "${proprixunitb}",
#elseif((!$promob || $promob=="0") && ($promoc && $promoc>0) && (!$promod || $promod=="0"))
	"content_value": "${proprixunitc}",
#elseif((!$promob || $promob=="0") && (!$promoc || $promoc=="0") && ($promod && $promod>0))
	"content_value": "${proprixunitd}",
#else
	"content_value": "${unitprice}",
#end
	"suffix_symbol":" € / ${mesure}",
	"content_color": "RED",
	"auto_narrow_width":"true",
	"auto_wrap":"false",
	"content_alignment": "RIGHT",
	"content_vertical_alignment":"TOP",
	"number_script": "SUB",
	"content_reverse": "FALSE"
},
{
"start_x": 130,
"start_y": 134,
"end_x": 293,
"end_y": 149,
"font_type": "Arial Narrow 9",
	"content_type": "CONTENT_TYPE_TEXT",
	"content_title": "NONE",
	"content_value": "${command} - ${strate} - ${alle}/${gondole}/${emplacement} - ${ean}",
	"content_color": "BLACK",
	"auto_narrow_width":"true",
	"auto_wrap":"false",
	"content_alignment": "RIGHT",
	"background_transparent":"TRUE",
	"content_reverse": "FALSE"
}
#else
## !!--!! Use normal format !!--!!

## !!--!! Begin Block Libelle !!--!!

{
"start_x": 0,
"start_y": 0,
"end_x": 294,
"end_y": 37,
"font_type": "Arial Narrow 12",
	"content_type": "CONTENT_TYPE_TEXT",
	"content_title": "NONE",
	"content_value": "${liblong.trim()}",
	"line_spacing": -3,
	"auto_narrow_width":"true",
	"auto_wrap":"false",
	"content_color": "BLACK",
	"content_alignment": "LEFT",
	"content_vertical_alignment": "TOP",
	"content_reverse": "FALSE"	
}

## !!--!! End Block Libelle !!--!!

#if(${strickprice} != "" && ${strickprice} != 0.00  && ${PERCENT} >= 0.05)
	,{		
"start_x": 94,
"start_y": 39,
"end_x": 224,
"end_y": 112,
		#if($util.toFloat(${price}) > 999.99)
"font_type": "Arial Narrow 24",
			"font_type_script": "Arial Narrow Bold 22",
		#else
"font_type": "Arial Narrow 30",
			"font_type_script": "Arial Narrow Bold 28",
		#end
		"decimal_separator": ".",
		"content_type": "CONTENT_TYPE_CURRENCY",
		"content_title": "NONE",
		"content_value": "$util.toFloat(${price})",
		"number_script": "SUB",
		"content_color": "RED",
		"content_alignment": "RIGHT",
		"content_vertical_alignment":"TOP",
		"number_script": "SUB",
		"content_reverse": "FALSE"
	}

	,{
"start_x": 230,
"start_y": 39,
"end_y": 74,
"end_x": 254,
"font_type": "Arial Narrow 18",
		"content_type": "CONTENT_TYPE_TEXT",
		"content_title": "NONE",
		"content_value": "€",
		"content_color": "RED",
		"content_alignment": "LEFT",
		"content_reverse": "FALSE"
	}

	,{
"end_x": 248,
"end_y": 118,
"start_x": 118,
"start_y": 87,
"font_type": "Arial Narrow 14",
		"content_type": "CONTENT_TYPE_CURRENCY",
		"fraction_digits": 2,
		"decimal_separator": ".",
		"content_value": "${unitprice}",
		"suffix_symbol":"€/${mesure}",
		"number_script": "SUB",
		"content_color": "RED",
		"content_alignment": "RIGHT",
		"content_reverse": "FALSE",
		"background_transparent":"true"
	}

	,{
		"block_name": "back",
"start_x": 11,
"start_y": 34,
"end_x": 106,
"end_y": 99,
"font_type": "Arial 9",
		"content_title": "NONE",
		"content_type": "CONTENT_TYPE_BMP_FILE",
		"content_value": "circle.png",
		"content_color": "BLACK",
		"content_alignment": "RIGHT",
		"auto_scale":true,
		"content_reverse": "FALSE",
		"background_transparent":"true"
	}	

	,{
		"block_name": "PERCENT",
"start_x": 17,
"start_y": 31,
"end_x": 100,
"end_y": 105,
"font_type": "Arial Bold 20",
		"content_type": "CONTENT_TYPE_TEXT",
		"content_title": "NONE",
		"content_value": "-${vPERCENT}%",
		"content_color": "BLACK",
		"content_alignment": "CENTER",
		"content_vertical_alignment": "MIDDLE",
		"content_reverse": "TRUE",
		"background_transparent":"true"
	}

	,{
		"block_name": "logo",
#if($lien)
"start_x": 201,
#else
"start_x": 236,
#end
"start_y": 24,
"end_x": 284,
"end_y": 41,
"font_type": "Arial 9",
"font_size": 9,
		"content_title": "NONE",
		"content_type": "CONTENT_TYPE_TEXT",
		"content_value": "",
		"content_color": "RED",
		"content_alignment": "LEFT",
		"auto_scale":true,
		"content_reverse": "TRUE"
	}
	,{
		"block_name": "logo",
#if($lien)
"start_x": 203,
#else
"start_x": 239,
#end
"start_y": 24,
"end_x": 284,
"end_y": 37,
"font_type": "Arial Bold 10",
"font_size": 9,
		"content_title": "NONE",
		"content_type": "CONTENT_TYPE_TEXT",
		"content_value": "Promo",
		"content_color": "RED",
		"content_alignment": "LEFT",
		"auto_scale":true,
		"content_reverse": "TRUE"
	}

	,{
"start_x": 106,
"end_x": 142,
"start_y": 99,
"end_y": 100,
		"content_type": "CONTENT_TYPE_LINE"
		
	}

	,{
"end_x": 153,
"end_y": 118,
"start_x": 106,
"start_y": 90,
"font_type": "Arial Narrow 12",
		"content_type": "CONTENT_TYPE_CURRENCY",
		"fraction_digits": 2,
		"decimal_separator": ".",
		"content_value": "${strickprice}",
		"suffix_symbol":"€",
		"number_script": "SUB",
		"content_color": "BLACK",
		"content_alignment": "LEFT",
		"content_reverse": "FALSE",
		"background_transparent":"true"
	}
#if($lien)
	 ,{
"end_x": 294,
"end_y": 87,
"start_x": 254,
"start_y": 24,
"font_type": "Arial Narrow 9",
		"content_type": "CONTENT_TYPE_TEXT",
		"content_title": "NONE",
		"content_value": "Scannez le code pour des recettes:",
		"content_color": "RED",
		"content_alignment": "CENTER",
		"content_reverse": "FALSE"
	}

	,{
"start_x": 260,
"start_y": 80,
"end_x": 290,
"end_y": 112,
		"font_type": "Arial Narrow",
		"content_type": "CONTENT_TYPE_QRCODE",
		"content_title": "NONE",
		"content_value": "${lien}",
		"content_color": "BLACK",
		"content_alignment": "CENTER",
		"content_vertical_alignment": "BOTTOM",
		"content_reverse": "FALSE",
		"auto_scale":true
	}
#end

#else

#if($lien)

## !!--!! Begin Block price !!--!!

#if(${flagpromo} == 0)

	,{
"end_x": 213,
"end_y": 112,
"start_x": 0,
"start_y": 39,
"font_type": "Arial Narrow 22",
		"content_type": "CONTENT_TYPE_TEXT",
		"content_title": "NONE",
		"content_value": "",
		"content_color": "BLACK",
		"content_alignment": "LEFT",
		"content_reverse": "TRUE"
	}

	,{		
"start_x": 0,
"start_y": 39,
"end_x": 213,
"end_y": 112,
"font_type": "Arial Narrow 30",
		"font_type_script": "Arial Narrow Bold 28",
		"decimal_separator": ".",
		"content_type": "CONTENT_TYPE_CURRENCY",
		"content_title": "NONE",
		"content_value": "$util.toFloat(${price})",
		"number_script": "SUB",
		"content_color": "BLACK",
		"content_alignment": "CENTER",
		"content_vertical_alignment":"TOP",
		"number_script": "SUB",
		"content_reverse": "TRUE"
	}

	,{
"start_y": 39,
"end_y": 74,
"end_x": 213,
		#if($util.toFloat(${price}) > 999.99)
"start_x": 183,
		#elseif($util.toFloat(${price}) > 99.99)
"start_x": 171,
		#else
"start_x": 159,
		#end
"font_type": "Arial Narrow 22",
		"content_type": "CONTENT_TYPE_TEXT",
		"content_title": "NONE",
		"content_value": "€",
		"content_color": "BLACK",
		"content_alignment": "LEFT",
		"content_reverse": "TRUE"
	}

	,{
"end_x": 207,
"end_y": 118,
"start_x": 2,
"start_y": 87,
"font_type": "Arial Narrow 14",
		"content_type": "CONTENT_TYPE_CURRENCY",
		"fraction_digits": 2,
		"decimal_separator": ".",
		"content_value": "${unitprice}",
		"suffix_symbol":"€/${mesure}",
		"number_script": "SUB",
		"content_color": "BLACK",
		"content_alignment": "RIGHT",
		"content_reverse": "TRUE",
		"background_transparent":"true"
	}

	,{
"start_x": 219,
"start_y": 37,
"end_x": 290,
"end_y": 112,
		"font_type": "Arial Narrow",
		"content_type": "CONTENT_TYPE_QRCODE",
		"content_title": "NONE",
		"content_value": "${lien}",
		"content_color": "BLACK",
		"content_alignment": "CENTER",
		"content_vertical_alignment": "BOTTOM",
		"content_reverse": "FALSE",
		"auto_scale":true
	}

#else 

        ,{
"end_x": 177,
"end_y": 112,
"start_x": 0,
"start_y": 39,
"font_type": "Arial Narrow 22",
		"content_type": "CONTENT_TYPE_TEXT",
		"content_title": "NONE",
		"content_value": "",
		"content_color": "RED",
		"content_alignment": "LEFT",
		"content_reverse": "TRUE"
	}

	,{		
"start_x": 0,
"start_y": 39,
"end_x": 177,
"end_y": 112,
		#if($util.toFloat(${price}) > 999.99)
"font_type": "Arial Narrow 24",
			"font_type_script": "Arial Narrow Bold 22",
		#else
"font_type": "Arial Narrow 30",
			"font_type_script": "Arial Narrow Bold 28",
		#end
		"decimal_separator": ".",
		"content_type": "CONTENT_TYPE_CURRENCY",
		"content_title": "NONE",
		"content_value": "$util.toFloat(${price})",
		"number_script": "SUB",
		"content_color": "RED",
		"content_alignment": "CENTER",
		"content_vertical_alignment":"TOP",
		"number_script": "SUB",
		"content_reverse": "TRUE"
	}

	,{
"start_y": 39,
"end_y": 74,
"end_x": 177,
		#if($util.toFloat(${price}) > 999.99)
"start_x": 153,
		#elseif($util.toFloat(${price}) > 99.99)
"start_x": 153,
		#elseif($util.toFloat(${price}) > 9.99)
"start_x": 142,
		#else
"start_x": 136,
		#end
"font_type": "Arial Narrow 18",
		"content_type": "CONTENT_TYPE_TEXT",
		"content_title": "NONE",
		"content_value": "€",
		"content_color": "RED",
		"content_alignment": "LEFT",
		"content_reverse": "TRUE"
	}

	,{
"end_x": 171,
"end_y": 118,
"start_x": 2,
"start_y": 87,
"font_type": "Arial Narrow 14",
		"content_type": "CONTENT_TYPE_CURRENCY",
		"fraction_digits": 2,
		"decimal_separator": ".",
		"content_value": "${unitprice}",
		"suffix_symbol":"€/${mesure}",
		"number_script": "SUB",
		"content_color": "RED",
		"content_alignment": "RIGHT",
		"content_reverse": "TRUE",
		"background_transparent":"true"
	}

	 ,{
"end_x": 294,
"end_y": 72,
"start_x": 183,
"start_y": 39,
"font_type": "Arial Narrow 22",
		"content_type": "CONTENT_TYPE_TEXT",
		"content_title": "NONE",
		"content_value": "PROMO",
		"content_color": "RED",
		"content_alignment": "CENTER",
		"content_reverse": "FALSE"
	}

	 ,{
"end_x": 248,
"end_y": 112,
"start_x": 189,
"start_y": 74,
"font_type": "Arial Narrow 9",
		"content_type": "CONTENT_TYPE_TEXT",
		"content_title": "NONE",
		"content_value": "Scannez le code pour des recettes:",
		"content_color": "RED",
		"content_alignment": "CENTER",
		"content_reverse": "FALSE"
	}

	,{
"start_x": 255,
"start_y": 74,
"end_x": 291,
"end_y": 112,
		"font_type": "Arial Narrow",
		"content_type": "CONTENT_TYPE_QRCODE",
		"content_title": "NONE",
		"content_value": "${lien}",
		"content_color": "BLACK",
		"content_alignment": "CENTER",
		"content_vertical_alignment": "BOTTOM",
		"content_reverse": "FALSE",
		"auto_scale":true
	}

#end

#else
	#if(${flagpromo} == 0)

	,{
"end_x": 294,
"end_y": 112,
"start_x": 0,
"start_y": 39,
"font_type": "Arial Narrow 22",
		"content_type": "CONTENT_TYPE_TEXT",
		"content_title": "NONE",
		"content_value": "",
		"content_color": "BLACK",
		"content_alignment": "LEFT",
		"content_reverse": "TRUE"
	}

	,{		
"start_x": 0,
"start_y": 39,
"end_x": 213,
"end_y": 112,
"font_type": "Arial Narrow 30",
		"font_type_script": "Arial Narrow Bold 28",
		"decimal_separator": ".",
		"content_type": "CONTENT_TYPE_CURRENCY",
		"content_title": "NONE",
		"content_value": "$util.toFloat(${price})",
		"number_script": "SUB",
		"content_color": "BLACK",
		"content_alignment": "RIGHT",
		"content_vertical_alignment":"TOP",
		"number_script": "SUB",
		"content_reverse": "TRUE"
	}

	,{
"start_y": 39,
"end_y": 74,
"end_x": 284,
"start_x": 219,
"font_type": "Arial Narrow 22",
		"content_type": "CONTENT_TYPE_TEXT",
		"content_title": "NONE",
		"content_value": "€",
		"content_color": "BLACK",
		"content_alignment": "LEFT",
		"content_reverse": "TRUE"
	}

	,{
"end_x": 236,
"end_y": 118,
"start_x": 2,
"start_y": 87,
"font_type": "Arial Narrow 14",
		"content_type": "CONTENT_TYPE_CURRENCY",
		"fraction_digits": 2,
		"decimal_separator": ".",
		"content_value": "${unitprice}",
		"suffix_symbol":"€/${mesure}",
		"number_script": "SUB",
		"content_color": "BLACK",
		"content_alignment": "RIGHT",
		"content_reverse": "TRUE",
		"background_transparent":"true"
	}
#else
	 ,{
"end_x": 294,
"end_y": 112,
"start_x": 94,
"start_y": 39,
"font_type": "Arial Narrow 22",
		"content_type": "CONTENT_TYPE_TEXT",
		"content_title": "NONE",
		"content_value": "",
		"content_color": "RED",
		"content_alignment": "LEFT",
		"content_reverse": "TRUE"
	}

	,{		
"start_x": 94,
"start_y": 39,
"end_x": 260,
"end_y": 112,
		#if($util.toFloat(${price}) > 999.99)
"font_type": "Arial Narrow 24",
			"font_type_script": "Arial Narrow Bold 22",
		#else
"font_type": "Arial Narrow 30",
			"font_type_script": "Arial Narrow Bold 28",
		#end
		"decimal_separator": ".",
		"content_type": "CONTENT_TYPE_CURRENCY",
		"content_title": "NONE",
		"content_value": "$util.toFloat(${price})",
		"number_script": "SUB",
		"content_color": "RED",
		"content_alignment": "RIGHT",
		"content_vertical_alignment":"TOP",
		"number_script": "SUB",
		"content_reverse": "TRUE"
	}

	,{
"start_y": 39,
"end_y": 74,
"end_x": 294,
"start_x": 266,
"font_type": "Arial Narrow 18",
		"content_type": "CONTENT_TYPE_TEXT",
		"content_title": "NONE",
		"content_value": "€",
		"content_color": "RED",
		"content_alignment": "LEFT",
		"content_reverse": "TRUE"
	}

	,{
"end_x": 284,
"end_y": 118,
"start_x": 97,
"start_y": 87,
"font_type": "Arial Narrow 14",
		"content_type": "CONTENT_TYPE_CURRENCY",
		"fraction_digits": 2,
		"decimal_separator": ".",
		"content_value": "${unitprice}",
		"suffix_symbol":"€/${mesure}",
		"number_script": "SUB",
		"content_color": "RED",
		"content_alignment": "RIGHT",
		"content_reverse": "TRUE",
		"background_transparent":"true"
	}

	,{
"start_y": 56,
"end_y": 105,
"end_x": 88,
"start_x": 11,
"font_type": "Arial Narrow 16",
                "content_type": "CONTENT_TYPE_TEXT",
                "content_title": "NONE",
               "content_value": "PROMO",
                "content_color": "RED",
                "content_alignment": "CENTER",
                "content_reverse": "FALSE"
        }

#end

#end

#end	



## !!--!! End Block price !!--!!

## !!--!! Begin Block info !!--!!

,{
"start_x": 177,
"start_y": 112,
"end_x": 293,
"end_y": 130,
"font_type": "Arial Narrow 12",
	"content_type": "CONTENT_TYPE_TEXT",
	"content_title": "NONE",
	"content_value": "${command} - ${strate} - ${alle}/${gondole}/${emplacement}",
	"content_color": "BLACK",
	"content_alignment": "RIGHT",
	"background_transparent":"TRUE",
	"content_reverse": "FALSE"
}

,{
"start_x": 177,
"start_y": 130,
"end_x": 293,
"end_y": 149,
"font_type": "Arial Narrow 12",
        "content_type": "CONTENT_TYPE_TEXT",
        "content_title": "NONE",
        "content_value": "${ean}",
        "content_color": "BLACK",
        "content_alignment": "RIGHT",
        "background_transparent":"TRUE",
        "content_reverse": "FALSE"
}


## !!--!! End Block info !!--!!

## !!--!! Begin Block ean !!--!!

,{
"start_x": 11,
"start_y": 137,
"end_x": 130,
"end_y": 150,
"font_type": "Arial Narrow 10",
        "content_type": "CONTENT_TYPE_TEXT",
        "content_value": "${codeproduit}",
        "content_color": "BLACK",
        "content_alignment": "CENTER",
        "content_reverse": "FALSE",
        "background_transparent":"true"
}

#if(${flagstat} == 2 || ${flagstat} == 4)
,{
	
"end_x": 136,
"end_y": 133,
"start_x": 5,
"start_y": 115,
"font_type": "Arial Narrow 22",
	"content_type": "CONTENT_TYPE_TEXT",
	"content_title": "NONE",
	"content_value": "",
	"content_color": "RED",
	"content_alignment": "LEFT",
	"content_reverse": "TRUE"
}
#end

,{
"start_x": 11,
"start_y": 115,
"end_x": 130,
"end_y": 133,
        "content_type": "CONTENT_TYPE_BARCODE",
        "font_type":"BARCODE_128",
        "content_title": "NONE",
        "content_value": "${codeproduit}",
        "content_color": "BLACK",
        "content_alignment": "CENTER",
        "content_reverse": "FALSE",
        "background_transparent":"true"
}

## !!--!! End Block ean !!--!!

## !!--!! Begin Block vidange !!--!!

#if(${vidange} != 0.00 && ${vidange} != "" && ${vidange} != " ")
,{
"start_x": 118,
"start_y": 137,
"end_x": 189,
"end_y": 150,
"font_type": "Arial Narrow 10",
        "content_type": "CONTENT_TYPE_TEXT",
        "content_title": "NONE",
        "content_value": "VID ${vidange}€",
        "content_color": "BLACK",
        "content_alignment": "LEFT",
        "background_transparent":"TRUE",
        "content_reverse": "FALSE"
}
#end

## !!--!! End Block vidange !!--!!

##############################################################################
#end

#else

## !!--!! Begin multipage mapping !!--!!

#set($liblong0 = $util.escapeJson($param[0].itemName))
#set($liblong1 = $util.escapeJson($param[1].itemName))
#set($price0 = $param[0].price1)
#set($price1 = $param[1].price1)
#set($codeproduit0 = $param[0].ean)
#set($codeproduit1 = $param[1].ean)
#set($unitprice0 = $param[0].price2)
#set($unitprice1 = $param[1].price2)
#set($unitmesure0 = $param[0].unit)
#set($unitmesure1 = $param[1].unit)
#set($command0 = $param[0].supplierName)
#set($command1 = $param[1].supplierName)
#set($strate0 = $param[0].supplierCode)
#set($strate1 = $param[1].supplierCode)
#set($alle0 = $param[0].price6Description)
#set($alle1 = $param[1].price6Description)
#set($gondole0 = $param[0].supervisedBy)
#set($gondole1 = $param[1].supervisedBy)
#set($emplacement0 = $param[0].supervisionHotline)
#set($emplacement1 = $param[1].supervisionHotline)
#set($ean0 = $param[0].sku)
#set($ean1 = $param[1].sku)
#set($flagstat0 = $param[0].itemStatus)
#set($flagstat1 = $param[1].itemStatus)
#set($flagpromo0 = $param[0].promoFlag)
#set($flagpromo1 = $param[1].promoFlag)
#set($vidange0 = $param[0].displayLocation)
#set($vidange1 = $param[1].displayLocation)

## !!--!! End multipage mapping !!--!!

## !!--!! Begin multipage fonction !!--!!

	#if(${unitmesure0} == 1)
		#set($mesure0 = "Kilo")
 	#elseif(${unitmesure0} == 2)
		#set($mesure0 = "Litre")
	#elseif(${unitmesure0} == 3)
		#set($mesure0 = "Pièce")
	#else
		#set($mesure0 = "Pièce")
 	#end

	#if(${unitmesure1} == 1)
		#set($mesure1 = "Kilo")
 	#elseif(${unitmesure1} == 2)
		#set($mesure1 = "Litre")
	#elseif(${unitmesure1} == 3)
		#set($mesure1 = "Pièce")
	#else
		#set($mesure1 = "Pièce")
 	#end
	
## !!--!! End multipage fonctiom !!--!!

## !!--!! Begin Block Libelle !!--!!

{
"start_x": 0,
"start_y": 0,
"end_x": 142,
"end_y": 37,
"font_type": "Arial Narrow 13",
	"content_type": "CONTENT_TYPE_TEXT",
	"content_title": "NONE",
	"content_value": "${liblong0.trim()}",
	"line_spacing": -3,
	"content_color": "BLACK",
	"content_alignment": "LEFT",
	"content_vertical_alignment": "TOP",
	"content_reverse": "FALSE"	
}

,{
"start_x": 153,
"start_y": 0,
"end_x": 294,
"end_y": 37,
"font_type": "Arial Narrow 13",
	"content_type": "CONTENT_TYPE_TEXT",
	"content_title": "NONE",
	"content_value": "${liblong1.trim()}",
	"line_spacing": -3,
	"content_color": "BLACK",
	"content_alignment": "LEFT",
	"content_vertical_alignment": "TOP",
	"content_reverse": "FALSE"	
}

## !!--!! End Block Libelle !!--!!

## !!--!! Begin Block price !!--!!

,{
"end_x": 142,
"end_y": 112,
"start_x": 0,
"start_y": 39,
	"font_type": "Corporate Rounded 20",
	"content_type": "CONTENT_TYPE_TEXT",
	"content_title": "NONE",
	"content_value": "",
	#if(${flagpromo0} == 0)
		"content_color": "BLACK",
	#else
		"content_color": "RED",
	#end
	"content_alignment": "LEFT",
	"content_reverse": "TRUE"
}

,{
"end_x": 294,
"end_y": 112,
"start_x": 153,
"start_y": 39,
	"font_type": "Corporate Rounded 20",
	"content_type": "CONTENT_TYPE_TEXT",
	"content_title": "NONE",
	"content_value": "",
	#if(${flagpromo1} == 0)
                "content_color": "BLACK",
        #else
                "content_color": "RED",
        #end
	"content_alignment": "LEFT",
	"content_reverse": "TRUE"
}

,{		
"start_x": 0,
"start_y": 39,
"end_x": 142,
"end_y": 112,
"font_type": "Arial Narrow 26",
	"font_type_script": "Arial Narrow 24",
	"decimal_separator": ".",
	"content_type": "CONTENT_TYPE_CURRENCY",
	"content_title": "NONE",
	"content_value": "$util.toFloat(${price0})",
	"number_script": "SUB",
	#if(${flagpromo0} == 0)
                "content_color": "BLACK",
        #else
                "content_color": "RED",
        #end
	"content_alignment": "CENTER",
	"content_vertical_alignment":"TOP",
	"number_script": "SUB",
	"content_reverse": "TRUE"
}

,{		
"start_x": 153,
"start_y": 39,
"end_x": 294,
"end_y": 112,
"font_type": "Arial Narrow 26",
	"font_type_script": "Arial Narrow 24",
	"decimal_separator": ".",
	"content_type": "CONTENT_TYPE_CURRENCY",
	"content_title": "NONE",
	"content_value": "$util.toFloat(${price1})",
	"number_script": "SUB",
	#if(${flagpromo1} == 0)
                "content_color": "BLACK",
        #else
                "content_color": "RED",
        #end
	"content_alignment": "CENTER",
	"content_vertical_alignment":"TOP",
	"number_script": "SUB",
	"content_reverse": "TRUE"
}

,{
"start_y": 39,
"end_y": 112,
"end_x": 142,
	#if($util.toFloat(${price0}) > 999.99)
"start_x": 130,
	#elseif($util.toFloat(${price0}) > 99.99)
"start_x": 124,
	#else
"start_x": 118,
	#end
"font_type": "Arial Narrow 19",
	"content_type": "CONTENT_TYPE_TEXT",
	"content_title": "NONE",
	"content_value": "€",
	#if(${flagpromo0} == 0)
                "content_color": "BLACK",
        #else
                "content_color": "RED",
        #end
	"content_alignment": "LEFT",
	"content_reverse": "TRUE"
}

,{
"start_y": 39,
"end_y": 112,
"end_x": 294,
	#if($util.toFloat(${price1}) > 999.99)
"start_x": 284,
	#elseif($util.toFloat(${price1}) > 99.99)
"start_x": 278,
	#else
"start_x": 272,
	#end
"font_type": "Arial Narrow 19",
	"content_type": "CONTENT_TYPE_TEXT",
	"content_title": "NONE",
	"content_value": "€",
	#if(${flagpromo1} == 0)
                "content_color": "BLACK",
        #else
                "content_color": "RED",
        #end
	"content_alignment": "LEFT",
	"content_reverse": "TRUE"
}

,{
"end_x": 136,
"end_y": 118,
"start_x": 2,
"start_y": 87,
"font_type": "Arial Narrow 14",
	"content_type": "CONTENT_TYPE_CURRENCY",
	"fraction_digits": 2,
	"decimal_separator": ".",
	"content_value": "${unitprice0}",
	"suffix_symbol":"€/${mesure0}",
	"number_script": "SUB",
	#if(${flagpromo0} == 0)
                "content_color": "BLACK",
        #else
                "content_color": "RED",
        #end
	"content_alignment": "RIGHT",
	"content_reverse": "TRUE",
	"background_transparent":"true"
}

,{
"end_x": 290,
"end_y": 118,
"start_x": 156,
"start_y": 87,
"font_type": "Arial Narrow 14",
	"content_type": "CONTENT_TYPE_CURRENCY",
	"fraction_digits": 2,
	"decimal_separator": ".",
	"content_value": "${unitprice1}",
	"suffix_symbol":"€/${mesure1}",
	"number_script": "SUB",
	#if(${flagpromo1} == 0)
                "content_color": "BLACK",
        #else
                "content_color": "RED",
        #end
	"content_alignment": "RIGHT",
	"content_reverse": "TRUE",
	"background_transparent":"true"
}

## !!--!! End Block price !!--!!

## !!--!! Begin Block ean !!--!!

,{
"start_x": 0,
"start_y": 137,
"end_x": 47,
"end_y": 150,
"font_type": "Arial Narrow 10",
        "content_type": "CONTENT_TYPE_TEXT",
        "content_value": "${codeproduit0}",
        "content_color": "BLACK",
        "content_alignment": "LEFT",
        "content_reverse": "FALSE",
        "background_transparent":"true"
}

#if(${flagstat0} == 2 || ${flagstat0} == 4)
,{
	
"end_x": 142,
"end_y": 130,
"start_x": 0,
"start_y": 115,
"font_type": "Arial Narrow 22",
	"content_type": "CONTENT_TYPE_TEXT",
	"content_title": "NONE",
	"content_value": "",
	"content_color": "RED",
	"content_alignment": "LEFT",
	"content_reverse": "TRUE"
}
#end

,{
"start_x": 0,
"start_y": 115,
"end_x": 142,
"end_y": 130,
        "content_type": "CONTENT_TYPE_BARCODE",
        "font_type":"BARCODE_128",
        "content_title": "NONE",
        "content_value": "${codeproduit0}",
        "content_color": "BLACK",
        "content_alignment": "CENTER",
        "content_reverse": "FALSE",
        "background_transparent":"true"
}

,{
"start_x": 153,
"start_y": 137,
"end_x": 201,
"end_y": 150,
"font_type": "Arial Narrow 10",
        "content_type": "CONTENT_TYPE_TEXT",
        "content_value": "${codeproduit1}",
        "content_color": "BLACK",
        "content_alignment": "LEFT",
        "content_reverse": "FALSE",
        "background_transparent":"true"
}

#if(${flagstat1} == 2 || ${flagstat1} == 4)
,{

"end_x": 294,
"end_y": 130,
"start_x": 153,
"start_y": 115,
"font_type": "Arial Narrow 22",
        "content_type": "CONTENT_TYPE_TEXT",
        "content_title": "NONE",
        "content_value": "",
        "content_color": "RED",
        "content_alignment": "LEFT",
        "content_reverse": "TRUE"
}
#end


,{
"start_x": 153,
"start_y": 115,
"end_x": 294,
"end_y": 130,
        "content_type": "CONTENT_TYPE_BARCODE",
        "font_type":"BARCODE_128",
        "content_title": "NONE",
        "content_value": "${codeproduit1}",
        "content_color": "BLACK",
        "content_alignment": "CENTER",
        "content_reverse": "FALSE",
        "background_transparent":"true"
}

## !!--!! End Block ean !!--!!

## !!--!! Begin Block info !!--!!

,{
"start_x": 53,
"start_y": 130,
"end_x": 142,
"end_y": 150,
"font_type": "Arial Narrow 9",
	"line_spacing": -3,
	"content_type": "CONTENT_TYPE_TEXT",
	"content_title": "NONE",
	"content_value": "${command0} - ${strate0} - ${alle0}/${gondole0}/${emplacement0} - ${ean0}",
	"content_color": "BLACK",
	"content_alignment": "RIGHT",
	"background_transparent":"TRUE",
	"content_reverse": "FALSE"
}

,{
"start_x": 207,
"start_y": 130,
"end_x": 294,
"end_y": 150,
"font_type": "Arial Narrow 9",
	"line_spacing": -3,
	"content_type": "CONTENT_TYPE_TEXT",
	"content_title": "NONE",
	"content_value": "${command1} - ${strate1} - ${alle1}/${gondole1}/${emplacement1} - ${ean1}",
	"content_color": "BLACK",
	"content_alignment": "RIGHT",
	"background_transparent":"TRUE",
	"content_reverse": "FALSE"
}

## !!--!! End Block info !!--!!

## !!--!! Begin Block vidange !!--!!

#if(${vidange0} != 0.00 && ${vidange0} != "" && ${vidange0} != " ")
,{
"start_x": 47,
"start_y": 130,
"end_x": 71,
"end_y": 150,
"font_type": "Arial Narrow 9",
	"line_spacing": -3,
        "content_type": "CONTENT_TYPE_TEXT",
        "content_title": "NONE",
        "content_value": "VID ${vidange0}",
        "content_color": "BLACK",
        "content_alignment": "CENTER",
        "background_transparent":"TRUE",
        "content_reverse": "FALSE"
}
#end

## !!--!! End Block vidange !!--!!

## !!--!! Begin Block vidange !!--!!

#if(${vidange1} != 0.00 && ${vidange1} != "" && ${vidange1} != " ")
,{
"start_x": 201,
"start_y": 130,
"end_x": 224,
"end_y": 150,
"font_type": "Arial Narrow 9",
	"line_spacing": -3,
        "content_type": "CONTENT_TYPE_TEXT",
        "content_title": "NONE",
        "content_value": "VID ${vidange1}",
        "content_color": "BLACK",
        "content_alignment": "CENTER",
        "background_transparent":"TRUE",
        "content_reverse": "FALSE"
}
#end

## !!--!! End Block vidange !!--!!

#end


]
}
